date,n_dir,score_rv,outlook_rv,outlook_llm,score_llm,reasoning,signal_agreement,outlook,score,sp_close,fwd_3m,fwd_6m,fwd_12m,exc_3m,exc_6m,exc_12m
2004-03-31,9,0.3892,bullish,bullish,1.0,"The macro signals are strongly aligned toward a bullish outlook. The US Treasury yield curve is upward sloping (normal), which signifies market expectations of future economic expansion [57205ed3e4b4]. This is reinforced by the 10-year real interest rate, which is in the 5th percentile (low relative to history); according to expert rules, low real rates increase liquidity and reduce volatility in risk assets [99ad6cdde172], and lead to increased borrowing and expansionary GDP [2328dabf508c, 239b",strong agreement,bullish,1.0,1123.98,0.007811526895496357,-0.00562287585188348,0.06309720813537623,0.0054697655144229085,-0.010311882460396271,0.05369720813537615
2004-06-30,10,0.0254,neutral,neutral,0.0,"The indicators provide conflicting signals. The current state of the yield curve is upward sloping (normal), which signifies expectations of economic expansion [57205ed3e4b4]. However, the recent trend of the yield curve is falling (flattening), which is associated with expectations of economic contraction [e0d011fb7082] or a transition from expansion to contraction [aad10797e50f]. Simultaneously, the 10-year real interest rate is rising, which is a bearish signal as expensive real money leads t",conflicting,neutral,0.0,1132.76,-0.013330272961615819,0.05866202902644879,0.061345739609449446,-0.016490263076201828,0.05233206325975259,0.04864573960944951
2004-09-30,10,0.6177,bullish,bullish,1.0,"The indicators provide a consistent bullish signal for equities. The US Treasury yield curve is upward sloping (normal), which signifies market expectations of future economic expansion [57205ed3e4b4]. This is supported by the 10-year real interest rate being low relative to history (18th percentile), which increases liquidity and reduces volatility in risk assets [99ad6cdde172], and leads to increased borrowing and expansionary GDP [2328dabf508c, 239bc87b8f03]. The VIX is currently in a low/cal",strong agreement,bullish,1.0,1117.66,0.07296494461643066,0.06910867347851757,0.09686308895370677,0.06886522514354398,0.06089242683298779,0.08036308895370681
2004-12-31,10,0.6199,bullish,bullish,0.6,"The current state of the US Treasury yield curve is upward sloping (normal), which signifies market expectations of future economic expansion [57205ed3e4b4]. This is supported by the US 10-year real interest rate being low relative to history (14th percentile), which increases liquidity and promotes expansionary GDP [99ad6cdde172, 2328dabf508c, 239bc87b8f03]. These factors correlate with the observed low VIX (10th percentile). However, there is a conflicting signal in the trend: the yield curve ","Mixed but leaning bullish; the current state of the yield curve and real rates is bullish, though the yield curve's recent trend is bearish.",bullish,0.6,1199.21,-0.0035940327382192327,0.002535002209788084,0.052417841745815874,-0.009024635199835207,-0.008355694156540139,0.030517841745815844
2005-03-31,11,0.0963,neutral,neutral,0.0,"The indicators provide conflicting signals. The current state of the yield curve is upward sloping, which signifies expectations of economic expansion [57205ed3e4b4]. However, the yield curve is actively flattening (falling trend over 3, 6, and 12 months), which is associated with a transition from expansion to contraction [aad10797e50f] or expectations of economic contraction [e0d011fb7082]. Simultaneously, the 10y real interest rate is rising, which is a bearish signal as expensive real money ",conflicting,neutral,0.0,1194.9,0.0061511423550086874,0.02596033140848597,0.08271821909783239,-0.0006295780966121267,0.012352912335401145,0.0553182190978323
2005-06-30,10,0.402,bullish,neutral,0.0,"The indicators provide conflicting signals. The US Treasury yield curve is in a 'flat' regime and has been falling (3m -0.42 pp, 12m -1.64 pp), which according to rules [aad10797e50f] and [e0d011fb7082] is a bearish signal associated with expectations of economic contraction or a transition from expansion to contraction. Conversely, the 10y real interest rate is 'low relative to history' (19th percentile) and falling, which rules [99ad6cdde172], [2328dabf508c], and [239bc87b8f03] identify as bul",conflict,neutral,0.0,1202.25,0.019688084840923326,0.049756706175920096,0.04235391973383251,0.012344376688716574,0.035015359822081926,0.012653919733832453
2005-09-30,10,-0.1956,bearish,bearish,-0.6,"The macro signals are conflicting. The US Treasury yield curve is in a 'flat' regime with a falling trend (12m change of -1.35 pp), which according to rules [aad10797e50f] and [e0d011fb7082] indicates a transition from expansion to contraction and expectations of economic contraction, signaling a bearish outlook. This is supported by the US 10-year real interest rate, which is currently rising (3m change +0.11 pp); rules [57731d675323] and [a1a5b29af0a8] state that higher real rates lead to decr",conflict,bearish,-0.6,1225.92,0.029488057948316326,0.05532171756721471,0.07489885147481079,0.021045574257186228,0.03836547465407936,0.04069885147481078
2005-12-31,10,-0.458,bearish,bearish,-0.6,"The yield curve is currently inverted (-0.02 pp), which serves as a high-confidence warning for economic slowdown, GDP contraction, and equity contraction [458bf2d7a197, 92d1d2667cdd], typically prompting investors to sell equities in favor of long-term bonds [dbd441041c45]. This bearish outlook is reinforced by the 10y real interest rate, which is high relative to history (74th percentile) and rising; according to expert rules, high real rates decrease liquidity and lead to contractionary GDP [",conflicting,bearish,-0.6,1262.07,0.025093695278392003,-0.007051906788054452,0.12229908008272128,0.015507423252582697,-0.026316347451025845,0.08339908008272134
2006-03-31,10,-0.3948,bearish,bearish,-0.6,"The macro signals are conflicting. The US Treasury yield curve is currently flat (0.04 pp), which according to rules [aad10797e50f] and [e0d011fb7082] is associated with a transition from expansion to contraction or expectations of economic contraction, signaling a bearish outlook. This is strongly reinforced by the 10y real interest rate, which is at the 98th percentile (high relative to history); rules [a17543ceb763], [57731d675323], [a1a5b29af0a8], and [3da3b2dc47c4] state that high real rate",conflicting,bearish,-0.6,1293.74,-0.03135869649234002,0.018550868026033118,0.08750599038446683,-0.04244787428120844,-0.003750457415736985,0.04240599038446691
2006-06-30,10,-0.6274,bearish,bearish,-0.6,"The macro outlook is predominantly bearish due to the confluence of an inverted yield curve and historically high real interest rates. The inverted yield curve signals an impending economic slowdown, GDP contraction, and equity contraction [458bf2d7a197, 92d1d2667cdd], while also suggesting a shift where investors sell equities to buy long-term bonds [dbd441041c45]. Simultaneously, the 10y real rate is at the 99th percentile, which is associated with decreased borrowing, lower liquidity, and con",conflicting,bearish,-0.6,1253.17,0.05152533175865992,0.13026963620259013,0.2082877821843805,0.03975961349240209,0.10659976754375333,0.16038778218438043
2006-09-30,11,-0.3227,bearish,bearish,-0.6,"There is a strong conflict between fundamental leading indicators and current market sentiment. The yield curve is inverted (-0.07 pp), which is a high-confidence bearish signal for economic slowdown, GDP contraction, and equity contraction [458bf2d7a197, 92d1d2667cdd]. This typically prompts investors to sell equities and buy long-term bonds [dbd441041c45]. Simultaneously, the 10y real interest rate is high (84th percentile), which is associated with decreased liquidity, contractionary GDP, and",conflict,bearish,-0.6,1317.74,0.07488578930593293,0.06769924264270655,0.1361270053273027,0.06307179862281664,0.04393169090061311,0.08802700532730268
2006-12-31,10,-0.6391,bearish,bearish,-0.6,"The yield curve is inverted (-0.11 pp), which is a high-confidence bearish signal for economic slowdown, GDP contraction, and equity contraction [458bf2d7a197, 92d1d2667cdd], typically prompting investors to sell equities and buy long-term bonds [dbd441041c45]. This is reinforced by the 10y real interest rate, which is high relative to history (92nd percentile) and rising; according to rules [57731d675323, a1a5b29af0a8, 3da3b2dc47c4], expensive real money leads to decreased borrowing, lower liqu",conflicting,bearish,-0.6,1416.42,-0.006685870010307737,0.06902613631549959,0.04433713164174469,-0.018596384805247834,0.04506324636293879,-0.0041628683582553005
2007-03-31,11,-0.0924,neutral,bearish,-0.6,"The macro signals are conflicting. The US Treasury yield curve is currently 'flat' (0.07 pp), which according to rules [aad10797e50f] and [e0d011fb7082] is associated with a transition from expansion to contraction or expectations of economic contraction, signaling a bearish outlook. This is reinforced by the US 10-year real interest rate, which is 'high relative to history' (73rd percentile); rules [a17543ceb763], [57731d675323], and [a1a5b29af0a8] state that high real rates decrease liquidity ",conflict,bearish,-0.6,1406.95,0.07622161412985529,0.06408898681545172,-0.06397526564554534,0.06409402101827899,0.03968672207761936,-0.11337526564554545
2007-06-30,9,-0.7415,bearish,bearish,-1.0,"The US 10-year real interest rate is in a 'high relative to history' regime (98th percentile) and rising. According to rules [a17543ceb763], [57731d675323], and [a1a5b29af0a8], high real rates decrease liquidity, reduce borrowing, and lead to contractionary GDP. Rule [3da3b2dc47c4] explicitly links this 'expensive money' to lower equity valuations and earnings, creating a bearish outlook for equities. This is supported by the VIX, which is currently rising. Regarding the yield curve, the current",Strong agreement between real interest rates and volatility; mixed/neutral signal from the yield curve.,bearish,-1.0,1514.19,-0.011273354070493236,-0.023094855995614783,-0.11421287949332648,-0.022604309340900963,-0.04588515708377039,-0.1603128794933265
2007-09-30,11,0.0952,neutral,neutral,0.0,"The indicators provide conflicting signals. The US Treasury yield curve is upward sloping (0.62 pp) and rising, which signifies market expectations of future economic expansion and is a bullish signal [57205ed3e4b4, 98b8f9c4befb]. However, the 10-year real interest rate is high relative to history (73rd percentile), which is associated with decreased liquidity, increased volatility, and contractionary GDP, providing a bearish signal [a17543ceb763, 57731d675323, a1a5b29af0a8]. While the VIX is cu",conflicting,neutral,0.0,1497.12,-0.01195628940899851,-0.12035107406219936,-0.18713930747034302,-0.021542561434807816,-0.13961551472517075,-0.22603930747034295
2007-12-31,10,0.6482,bullish,bullish,0.6,"The yield curve is upward sloping (0.99 pp) and rising, which signifies market expectations of future economic expansion [57205ed3e4b4] and is a bullish signal [98b8f9c4befb]. Simultaneously, the 10y real interest rate is in a 'low relative to history' regime (18th percentile) and falling, which is associated with increased liquidity, reduced volatility in risk assets [99ad6cdde172], and expansionary GDP [2328dabf508c, 239bc87b8f03]. However, there is a conflict as the VIX is currently 'elevated",conflict,bullish,0.6,1479.22,-0.10970646692175601,-0.09327212990630196,-0.4067413907329539,-0.11712353869948888,-0.10816128641552392,-0.4367413907329539
2008-03-31,10,0.4448,bullish,bullish,0.6,"The yield curve is currently normal (upward sloping) and rising, which signifies market expectations of future economic expansion [57205ed3e4b4] and bullish sentiment [98b8f9c4befb]. Simultaneously, the 10y real interest rate is at the 1st percentile (low relative to history) and falling, which is bullish as it increases liquidity, reduces volatility in risk assets, and supports expansionary GDP [99ad6cdde172, 2328dabf508c, 239bc87b8f03]. However, these bullish signals conflict with the current ",conflicting,bullish,0.6,1316.94,0.018459459049007476,-0.07592601029659662,-0.425083906632041,0.015324234342217302,-0.0822062893441391,-0.43768390663204093
2008-06-30,11,0.2981,bullish,neutral,0.0,"The indicators provide conflicting signals. The US Treasury yield curve is currently upward sloping (normal), which signifies expectations of economic expansion [57205ed3e4b4]. However, the recent trend of the yield curve is falling (flattening), which is associated with a transition from expansion to contraction [aad10797e50f]. On the liquidity side, the 10y real interest rate is low relative to history (7th percentile), which typically increases liquidity and reduces volatility [99ad6cdde172].",conflicting,neutral,0.0,1341.25,-0.09267474370922646,-0.3457148182665425,-0.3095097856477167,-0.09729265742727822,-0.3549719708297533,-0.32810978564771665
2008-09-30,11,-0.3003,bearish,bearish,-0.6,"The indicators provide conflicting signals. The US Treasury yield curve is upward sloping (normal) and rising, which signifies market expectations of future economic expansion [57205ed3e4b4, 98b8f9c4befb]. However, this is heavily countered by the 10y real interest rate, which is high relative to history (75th percentile) and rising. High real rates are associated with decreased borrowing, lower liquidity, and contractionary GDP [57731d675323, a1a5b29af0a8], as well as lower equity valuations an",conflict,bearish,-0.6,1216.95,-0.2788857389375078,-0.37784625498171664,-0.14166563950860767,-0.28169884630056685,-0.383480383280871,-0.15296563950860775
2008-12-31,11,0.3101,bullish,neutral,0.0,"The indicators provide conflicting signals. The US Treasury yield curve is upward sloping (normal), which signifies market expectations of future economic expansion [57205ed3e4b4]. Simultaneously, the 10y real interest rate is on a falling trend, which is associated with increased borrowing, higher liquidity, and expansionary GDP [2328dabf508c, 239bc87b8f03]. However, these bullish signals conflict with the current state of the VIX, which is in a 'high (stress)' regime at the 97th percentile, in",conflicting,neutral,0.0,877.56,-0.13723278180409315,0.05533524773234877,0.26530379689138095,-0.13730777336806932,0.05518525898066162,0.265003796891381
2009-03-31,10,0.6396,bullish,bullish,0.6,"The US Treasury yield curve is upward sloping (normal) and rising, which signifies market expectations of future economic expansion [57205ed3e4b4] and indicates that expectations of expansion are causing the curve to steepen [98b8f9c4befb]. Simultaneously, the 10y real interest rate is low relative to history (6th percentile), which increases liquidity and reduces volatility in risk assets [99ad6cdde172], and leads to increased borrowing and expansionary GDP [2328dabf508c, 239bc87b8f03]. While t","Mixed but leaning bullish; yield curve and real rates signal expansion, while VIX remains in a high-stress regime despite a recent falling trend.",bullish,0.6,757.13,0.22319812977956222,0.37961776709415807,0.521601310210928,0.22267354271133133,0.3785683177661041,0.519501310210928
2009-06-30,12,0.3547,bullish,bullish,0.6,"The US Treasury yield curve is currently upward sloping (normal) and steepening (rising trend), which signifies market expectations of future economic expansion [57205ed3e4b4, 98b8f9c4befb]. This is supported by the 10-year real interest rate being low relative to history (32nd percentile), which increases liquidity and reduces volatility in risk assets [99ad6cdde172]. While the VIX remains in an 'elevated' regime, its recent 3-month and 6-month trends are falling, aligning with the bullish sign",mostly agree,bullish,0.6,926.12,0.12787759685569888,0.19895909817302315,0.16978361335464065,0.12742790028715545,0.1980595028089327,0.16798361335464063
2009-09-30,9,0.396,bullish,bullish,0.6,"The US Treasury yield curve is normal (upward sloping) at the 94th percentile, which signifies market expectations of future economic expansion [57205ed3e4b4]. This is supported by the US 10-year real interest rate being low relative to history (10th percentile), which increases liquidity and reduces volatility in risk assets [99ad6cdde172], and leads to increased borrowing and expansionary GDP [2328dabf508c, 239bc87b8f03]. While the VIX is currently in an 'elevated' regime (74th percentile), wh","Partial agreement; yield curve and real rates are strongly bullish, while VIX remains elevated (conflicting with the low real rate expectation of suppressed volatility).",bullish,0.6,1044.55,0.06302235412378554,0.10291513091761995,0.07422334976784262,0.06272248902936339,0.1023153108097008,0.07302334976784253
2009-12-31,10,0.6436,bullish,bullish,1.0,"The indicators provide a confluent bullish signal for equities. The US Treasury yield curve is upward sloping (normal) and rising, which signifies market expectations of future economic expansion [57205ed3e4b4] and indicates expectations of economic expansion [98b8f9c4befb]. Simultaneously, the 10-year real interest rate is low relative to history (9th percentile) and falling, which increases liquidity and reduces volatility in risk assets [99ad6cdde172], and leads to increased borrowing and exp",strong agreement,bullish,1.0,1110.38,0.03752769322214,-0.024334011779751252,0.11811271816855484,0.03740271665280637,-0.02458398053756139,0.1176127181685549
2010-03-31,11,0.4823,bullish,bullish,1.0,"The indicators provide a confluent bullish signal for equities. The US Treasury yield curve is upward sloping (normal) and rising, which signifies market expectations of future economic expansion [57205ed3e4b4] and suggests expectations of economic expansion [98b8f9c4befb]. Simultaneously, the 10y real interest rate is in a low regime (18th percentile), which increases liquidity and reduces volatility in risk assets [99ad6cdde172]. This is confirmed by the VIX index, which is in a normal regime ",strong agreement,bullish,1.0,1152.05,-0.0596241482574541,-0.026014495898615486,0.13232064580530367,-0.05999893750433427,-0.02676421485935543,0.13082064580530361
2010-06-30,10,0.4334,bullish,neutral,0.0,"There is a strong conflict between fundamental indicators and market sentiment. The US Treasury yield curve is normal/upward sloping, which signifies expectations of future economic expansion [57205ed3e4b4]. Simultaneously, the 10y real interest rate is at the 1st percentile (very low relative to history), which typically increases liquidity, reduces volatility in risk assets, and supports expansionary GDP [99ad6cdde172, 2328dabf508c, 239bc87b8f03]. However, the VIX is currently in a high-stress",conflict,neutral,0.0,1083.36,0.035740658691478355,0.14599948308964716,0.18823844336139417,0.03544079359705621,0.14539966298172802,0.18703844336139408
2010-09-30,10,0.45,bullish,bullish,0.6,"The US Treasury yield curve is upward sloping (normal), which signifies market expectations of future economic expansion [57205ed3e4b4]. This is strongly supported by the 10-year real interest rate, which is at its 0th percentile (low relative to history), a condition that increases liquidity, reduces volatility in risk assets [99ad6cdde172], and leads to expansionary GDP [2328dabf508c, 239bc87b8f03]. Furthermore, real rates near zero typically support higher PE valuation multiples for equities ",mixed,bullish,0.6,1122.08,0.1064540852702125,0.1625641665478399,0.04616426636246995,0.10607929602333233,0.16181444758709995,0.044664266362469895
2010-12-31,11,0.4827,bullish,bullish,1.0,"The indicators provide a confluent bullish signal for equities. The US Treasury yield curve is upward sloping (normal) and rising, which signifies market expectations of future economic expansion [57205ed3e4b4] and suggests expectations of economic expansion [98b8f9c4befb]. Simultaneously, the 10-year real interest rate is in the 4th percentile (low relative to history), which increases liquidity and reduces volatility in risk assets [99ad6cdde172], while promoting increased borrowing and expans",strong agreement,bullish,1.0,1241.53,0.050711621950335406,0.03685774810113318,0.0014417694296553485,0.05036180555041714,0.036157992929783056,4.176942965528063e-05
2011-03-31,9,0.8062,bullish,bullish,1.0,"The indicators provide a confluent bullish signal for equities. The US Treasury yield curve is upward sloping (normal), which signifies market expectations of future economic expansion [57205ed3e4b4]. Simultaneously, the 10-year real interest rate is in the 4th percentile (low relative to history), which is expected to increase liquidity, reduce volatility in risk assets [99ad6cdde172], and lead to expansionary GDP [239bc87b8f03, 2328dabf508c]. This low real rate environment is consistent with t",strong agreement,bullish,1.0,1304.49,-0.013185229476653793,-0.10012341988056628,0.06496791849688388,-0.013435135781303731,-0.10062329494302724,0.06396791849688399
2011-06-30,9,0.8031,bullish,bullish,1.0,"The indicators provide a confluent bullish signal for equities. The US Treasury yield curve is upward sloping (normal) and rising, which signifies market expectations of future economic expansion [57205ed3e4b4, 98b8f9c4befb]. Simultaneously, the 10-year real interest rate is at the 3rd percentile (very low) and falling; according to expert rules, this increases liquidity, reduces volatility in risk assets, and supports expansionary GDP [99ad6cdde172, 2328dabf508c, 239bc87b8f03]. Furthermore, rea",strong agreement,bullish,1.0,1287.29,-0.08809980657039196,-0.034157027554008845,0.028113323338175622,-0.08819979157389102,-0.034357007558007746,0.027713323338175666
2011-09-30,10,0.4343,bullish,neutral,0.0,"The indicators provide conflicting signals. The US Treasury yield curve is upward sloping (normal), which signifies expectations of economic expansion [57205ed3e4b4], although its recent falling trend suggests a flattening process associated with expectations of contraction [e0d011fb7082]. Simultaneously, the 10y real interest rate is very low (2nd percentile) and falling, which is bullish as it increases liquidity [99ad6cdde172], supports GDP expansion [2328dabf508c], and supports higher equity",conflict,neutral,0.0,1173.88,0.05915425767540117,0.1834599788734792,0.2296146113742461,0.05912925861284646,0.1834099801234168,0.2295146113742461
2011-12-31,11,0.5008,bullish,bullish,0.6,"The US Treasury yield curve is upward sloping (1.64 pp), which signifies market expectations of future economic expansion [57205ed3e4b4]. This is strongly supported by the 10-year real interest rate being negative (-0.07%), which is associated with increased borrowing, higher liquidity, and expansionary GDP [2328dabf508c], as well as higher PE valuation multiples for equity indices [5e068f4bde46]. While the VIX is currently in an 'elevated' regime (23.4), it is trending downward, and the very lo",mixed,bullish,0.6,1243.32,0.1173631888813822,0.06447254126049606,0.1439452433806261,0.11733818981882749,0.06442254251043367,0.1438452433806261
2012-03-31,10,0.6275,bullish,bullish,1.0,"The indicators provide a confluent bullish signal for equities. The US Treasury yield curve is upward sloping (1.9 pp), which signifies market expectations of future economic expansion [57205ed3e4b4] and is associated with bullish sentiment [98b8f9c4befb]. Simultaneously, the 10y real interest rate is negative (-0.09%), which is a high-confidence driver for higher equity PE valuation multiples [5e068f4bde46], increased liquidity, and expansionary GDP [2328dabf508c, 99ad6cdde172]. This low-rate e",strong agreement,bullish,1.0,1389.24,-0.04733523365293257,0.03899974086550917,0.1163153954680256,-0.0475351736809172,0.0385998208335252,0.1155153954680257
2012-06-30,11,0.3076,bullish,bullish,1.0,"The macro environment is strongly bullish for equities. The US Treasury yield curve is upward sloping (normal), which signifies market expectations of future economic expansion [57205ed3e4b4]. This is reinforced by the 10-year real interest rate being negative (-0.46%), which is associated with increased borrowing, higher liquidity, and expansionary GDP [2328dabf508c], as well as higher PE valuation multiples for equity indices [5e068f4bde46]. Furthermore, these very low real rates relative to h","Strong agreement across interest rates, volatility, and yield curve regime",bullish,1.0,1323.48,0.09062471665608851,0.07465923172242861,0.2231163296763079,0.09039979255374608,0.0742093329268918,0.222216329676308
2012-09-30,11,0.4817,bullish,bullish,1.0,"The indicators provide a confluent bullish signal for equities. The US Treasury yield curve is upward sloping (1.42 pp), which signifies market expectations of future economic expansion [57205ed3e4b4]. Simultaneously, the 10-year real interest rate is negative (-0.77%) and at its 0th percentile, which leads to increased borrowing, higher liquidity, and expansionary GDP [2328dabf508c], while also supporting higher PE valuation multiples for equity indices [5e068f4bde46]. This environment of very ",strong agreement,bullish,1.0,1443.42,-0.014638843856950912,0.07441354560696123,0.16886976763519979,-0.014913730492184918,0.07386369677383087,0.16776976763519968
2012-12-31,9,0.3185,bullish,bullish,1.0,"The macro signals are strongly aligned. The US Treasury yield curve is upward sloping (1.53 pp), which signifies market expectations of future economic expansion [57205ed3e4b4]. Simultaneously, the 10y real interest rate is negative (-0.67%), which is associated with increased borrowing, higher liquidity, and expansionary GDP [2328dabf508c], as well as higher PE valuation multiples for equity indices [5e068f4bde46]. This negative real rate environment also supports suppressed volatility (VIX) [0",strong agreement,bullish,1.0,1422.29,0.09037538054827077,0.1381434166028026,0.2710347397506838,0.09020042646702198,0.13779347783137452,0.2703347397506839
2013-03-31,10,0.8127,bullish,bullish,1.0,"The indicators provide a confluent bullish signal for equities. The US Treasury yield curve is upward sloping (1.62 pp) and rising, which signifies market expectations of future economic expansion [57205ed3e4b4] and reflects expectations of economic expansion [98b8f9c4befb]. Simultaneously, the 10y real interest rate is negative (-0.64%) and in the 4th percentile of history; according to expert rules, real rates near or below zero lead to higher PE valuation multiples for equity indices [5e068f4",strong agreement,bullish,1.0,1550.83,0.04380879915916003,0.08791421367912666,0.20162751558842684,0.0435838750568176,0.08746431488358986,0.20072751558842694
2013-06-30,10,0.4349,bullish,bullish,0.6,"The yield curve is upward sloping (normal) and steepening, which signifies market expectations of future economic expansion [57205ed3e4b4, 98b8f9c4befb]. Simultaneously, the 10y real interest rate is low relative to history (19th percentile), which increases liquidity, reduces volatility in risk assets, and supports higher PE valuation multiples for equities [99ad6cdde172, 5e068f4bde46]. However, there is a conflicting short-term trend: real rates are rising, and the VIX has trended upward over ",mixed,bullish,0.6,1618.77,0.042254304193925174,0.11676149174990891,0.20282066013084,0.04212932762459154,0.11651152299209877,0.20232066013084005
2013-09-30,9,0.8028,bullish,bullish,1.0,"The US Treasury yield curve is upward sloping (normal) and rising, which signifies market expectations of future economic expansion [57205ed3e4b4] and indicates expectations of economic expansion [98b8f9c4befb]. Simultaneously, the 10-year real interest rate is low relative to history (19th percentile), which increases liquidity and reduces volatility in risk assets [99ad6cdde172], leads to expansionary GDP [2328dabf508c], and allows equity indices to command higher PE valuation multiples [5e068",strong agreement,bullish,1.0,1687.17,0.07148657218893173,0.10452414398074872,0.18140436351997713,0.07143657593849428,0.10442414898024888,0.18120436351997715
2013-12-31,11,0.6524,bullish,bullish,1.0,"The US Treasury yield curve is upward sloping (normal) and rising, which signifies market expectations of future economic expansion [57205ed3e4b4] and indicates that expectations of expansion are causing the curve to steepen [98b8f9c4befb]. Simultaneously, the 10-year real interest rate is low relative to history (26th percentile), which increases liquidity and reduces volatility in risk assets [99ad6cdde172]. This is confirmed by the VIX index, which is currently in a low/calm regime (25th perc",strong agreement,bullish,1.0,1807.78,0.03083339786920969,0.07706136808682462,0.13634955580878194,0.0306584437879609,0.07671142931539654,0.13564955580878202
2014-03-31,10,0.6205,bullish,bullish,1.0,"The indicators provide a confluent bullish signal for equities. The US Treasury yield curve is upward sloping (normal), which signifies market expectations of future economic expansion [57205ed3e4b4]. This is supported by the US 10-year real interest rate being low relative to history (22nd percentile), which increases liquidity and promotes expansionary GDP [99ad6cdde172, 2328dabf508c]. Furthermore, these low real rates are associated with suppressed volatility, which is confirmed by the curren",strong agreement,bullish,1.0,1863.52,0.04484523911736926,0.06960483386279726,0.1161618871812482,0.04472026254803563,0.06935486510498712,0.11566188718124826
2014-06-30,10,0.6214,bullish,bullish,1.0,"The macro environment shows a strong confluence of bullish signals. The US Treasury yield curve is upward sloping (normal), which signifies market expectations of future economic expansion [57205ed3e4b4]. Simultaneously, the 10y real interest rate is low relative to history (16th percentile) and falling, which is associated with increased borrowing, higher liquidity, and expansionary GDP [2328dabf508c, 239bc87b8f03], as well as higher PE valuation multiples for equities [5e068f4bde46]. This low ",strong agreement,bullish,1.0,1947.09,0.0236969015299755,0.05504624850417805,0.0781679326584801,0.02359691652647644,0.05484626850017915,0.07776793265848014
2014-09-30,10,0.2441,bullish,neutral,0.0,"The macro picture is mixed. On one hand, the yield curve is currently upward sloping (normal), which signifies expectations of economic expansion [57205ed3e4b4], and the 10y real rate is low relative to history (24th percentile), which typically increases liquidity and reduces volatility in risk assets [99ad6cdde172]. However, there are conflicting short-term trends: the yield curve is falling (flattening), which is associated with expectations of economic contraction [e0d011fb7082]. Simultaneou",conflicting,neutral,0.0,1993.23,0.030623661092799015,0.04352734004605585,-0.024492908495256427,0.03057366484236157,0.04342734504555601,-0.024692908495256405
2014-12-31,9,0.3924,bullish,bullish,0.6,"The macro outlook is primarily bullish based on the yield curve and real rates, though volatility signals provide a conflict. The US Treasury yield curve is upward sloping (normal), which signifies market expectations of future economic expansion [57205ed3e4b4]. However, the curve is currently flattening (falling trend over 3m, 6m, and 12m), which is a characteristic of a transition from expansion to contraction [aad10797e50f]. Simultaneously, the 10y real interest rate is low relative to histor",conflicting,bullish,0.6,2054.27,0.012520262672384819,0.021915327585955158,-9.249027635127582e-05,0.012445271108408651,0.02176533883426801,-0.0003924902763512428
2015-03-31,9,0.5709,bullish,bullish,0.6,"The current state presents a conflict between static levels and trends. The yield curve is currently upward sloping, which signifies expectations of economic expansion [57205ed3e4b4]. Simultaneously, the 10y real interest rate is low relative to history (15th percentile) and falling, which is bullish for equities as it increases liquidity, encourages borrowing, and supports higher PE valuation multiples [99ad6cdde172, 2328dabf508c, 239bc87b8f03, 5e068f4bde46]. Low real rates also correlate with ",mixed,bullish,0.6,2079.99,0.009278890763898096,-0.06518300568752722,-0.027903980307597553,0.009203899199921928,-0.06533299443921436,-0.02820398030759752
2015-06-30,10,0.6077,bullish,bullish,0.6,"The yield curve is upward sloping (1.71 pp), which signifies market expectations of future economic expansion [57205ed3e4b4] and is a bullish signal [98b8f9c4befb]. Additionally, the 10y real interest rate is low relative to history (25th percentile), which increases liquidity and reduces volatility in risk assets [99ad6cdde172], and supports higher PE valuation multiples for equity indices [5e068f4bde46]. However, there is a conflicting short-term signal: both the VIX and real interest rates ar",mixed,bullish,0.6,2099.29,-0.07377732471454634,-0.021535852597783123,-0.00733581353695778,-0.07382732096498379,-0.021635847598282965,-0.007535813536957758
2015-09-30,11,0.31,bullish,neutral,0.0,"The indicators provide conflicting signals. The US Treasury yield curve is upward sloping (normal), which signifies market expectations of future economic expansion [57205ed3e4b4]. However, the 10-year real interest rate is on a rising trend, which is associated with decreased borrowing, lower liquidity, and contractionary GDP [57731d675323]. While the current real rate remains low relative to history (32nd percentile), which typically increases liquidity and reduces volatility [99ad6cdde172], t",conflicting,neutral,0.0,1944.41,0.056402713419494876,0.03987842070345238,0.10968880020160365,0.05635271716905743,0.039778425702952536,0.10948880020160368
2015-12-31,9,-0.0987,neutral,bearish,-0.6,"The indicators provide conflicting signals. The US Treasury yield curve is currently upward sloping (normal), which signifies expectations of future economic expansion [57205ed3e4b4]. However, the yield curve is in a falling trend (flattening), which occurs during a transition from expansion to contraction [aad10797e50f]. Simultaneously, the 10y real interest rate is rising, which is associated with decreased borrowing, lower liquidity, and contractionary GDP [57731d675323, a1a5b29af0a8]. This r",conflict,bearish,-0.6,2054.08,-0.015642039258451423,0.014512579841096773,0.09374026328088503,-0.016216543985283827,0.013363240331750736,0.09144026328088506
2016-03-31,10,0.6189,bullish,bullish,1.0,"The macro signals are strongly aligned. The US Treasury yield curve is upward sloping (normal), which signifies market expectations of future economic expansion [57205ed3e4b4]. This is supported by the 10-year real interest rate being low relative to history (0.16%, 14th percentile), which is associated with increased borrowing, higher liquidity, and expansionary GDP [2328dabf508c, 99ad6cdde172]. Furthermore, real rates near zero typically lead to higher PE valuation multiples for equity indices",strong agreement,bullish,1.0,2021.95,0.030633794109646617,0.06713321298746266,0.17056307030342,0.029909581216026604,0.06568426271590733,0.1676630703034201
2016-06-30,9,0.3938,bullish,bullish,0.6,"The macro outlook is primarily bullish for equities driven by the confluence of a normal (upward sloping) yield curve, which signifies expectations of economic expansion [57205ed3e4b4], and very low real interest rates (13th percentile), which increase liquidity, reduce volatility [99ad6cdde172], and support higher PE valuation multiples [5e068f4bde46]. Lower real rates are also linked to expansionary GDP [2328dabf508c]. However, there is a conflicting signal: the yield curve is currently flatte",mixed,bullish,0.6,2083.89,0.03541453723565069,0.07809433319417058,0.168003109569123,0.03474021959873075,0.07674524321605514,0.16530310956912309
2016-09-30,10,0.621,bullish,bullish,1.0,"The indicators provide a consistent bullish signal for equities. The US Treasury yield curve is upward sloping (normal), which signifies market expectations of future economic expansion [57205ed3e4b4]. Simultaneously, the 10y real interest rate is at 0.0% (low relative to history), which is explicitly linked to increased liquidity, expansionary GDP [2328dabf508c], and higher PE valuation multiples for equity indices [5e068f4bde46]. This low real rate environment also explains and supports the cu",strong agreement,bullish,1.0,2157.69,0.04122000843494655,0.09692309831347412,0.15532815186611604,0.04049579554132654,0.09547414804191878,0.15242815186611613
2016-12-31,12,0.5109,bullish,bullish,1.0,"The indicators provide a confluent bullish signal for equities. The US Treasury yield curve is upward sloping (normal), which signifies market expectations of future economic expansion [57205ed3e4b4] and is further supported by a rising trend (steepening), which is associated with expectations of economic expansion [98b8f9c4befb]. Simultaneously, the 10y real interest rate is low relative to history (0.5%), which increases liquidity and reduces volatility in risk assets [99ad6cdde172] and allows",strong agreement,bullish,1.0,2246.63,0.05349790575217095,0.08339601981634703,0.18592736676711352,0.05222533696065801,0.08084926280199212,0.18082736676711342
2017-03-31,10,0.6217,bullish,bullish,1.0,"The indicators provide a confluent bullish signal for equities. The US Treasury yield curve is upward sloping (normal), which signifies market expectations of future economic expansion [57205ed3e4b4]. Simultaneously, the 10y real interest rate is low relative to history (0.43%), which is associated with increased borrowing, higher liquidity, and expansionary GDP [2328dabf508c, 239bc87b8f03], as well as higher PE valuation multiples for equity indices [5e068f4bde46]. This low real rate environmen",strong agreement,bullish,1.0,2366.82,0.02837985144624411,0.05324443768431908,0.14194150801497352,0.026534963147677004,0.04955125747435063,0.13454150801497344
2017-06-30,10,0.0234,neutral,neutral,0.0,"The yield curve is currently upward sloping (normal), which signifies market expectations of future economic expansion [57205ed3e4b4]. However, the yield curve is exhibiting a falling trend (flattening) over the 3m and 6m periods, which is associated with a transition from expansion to contraction [aad10797e50f]. Simultaneously, the 10-year real interest rate is rising, which is a bearish signal as higher real rates lead to decreased borrowing, lower liquidity, and contractionary GDP [57731d6753",conflicting,neutral,0.0,2433.99,0.024178406649164597,0.09463884403797884,0.13161927534624218,0.021737359271986723,0.08975079057132529,0.12181927534624215
2017-09-30,10,0.6198,bullish,bullish,1.0,"The macro environment shows a strong confluence of bullish signals. The US Treasury yield curve is upward sloping (normal), which signifies market expectations of future economic expansion [57205ed3e4b4]. Simultaneously, the 10-year real interest rate is in a 'low relative to history' regime, which is associated with increased liquidity, expansionary GDP [2328dabf508c], and reduced volatility in risk assets [99ad6cdde172]. This is confirmed by the VIX index, which is at a historical 0th percenti",strong agreement,bullish,1.0,2492.84,0.06879703470740206,0.08421318656632582,0.1639335055599236,0.06623192130631672,0.07907637995739458,0.1536335055599236
2017-12-31,10,0.6225,bullish,bullish,0.6,"The current state presents a conflict between static regimes and dynamic trends. The upward sloping yield curve signifies expectations of economic expansion [57205ed3e4b4]. This is supported by low real interest rates (0.44%), which are bullish for equities as they increase liquidity, encourage borrowing, and support higher PE valuation multiples [99ad6cdde172, 2328dabf508c, 5e068f4bde46]. The very low VIX (11.0) is consistent with the suppressed volatility associated with low real rates [0826c7",Mixed/Conflicting,bullish,0.6,2664.34,0.014423834795859403,0.033783225864566724,-0.03641802472657396,0.01114004514662481,0.02720486329163707,-0.04961802472657406
2018-03-31,9,-0.3431,bearish,bearish,-0.6,"The macro signals are in strong confluence pointing toward a bearish outlook. First, the US Treasury yield curve is in a 'flat' regime and has been trending downward (3m -0.04 pp, 6m -0.39 pp, 12m -0.66 pp), which indicates expectations of economic contraction [e0d011fb7082] and a transition from expansion to contraction [aad10797e50f]. Second, the 10y real interest rate is rising (3m +0.25 pp, 12m +0.26 pp), which is associated with decreased borrowing, lower liquidity, and contractionary GDP [",strong,bearish,-0.6,2702.77,0.019084124805292424,0.07352826914609834,0.03744676757548748,0.01486095297629264,0.06506409030780169,0.02044676757548758
2018-06-30,10,-0.3857,bearish,bearish,-0.6,"The macro signals are jointly bearish. The US Treasury yield curve is in a 'flat' regime with a falling trend (3m -0.14 pp, 12m -0.6 pp), which indicates a transition from expansion to contraction [aad10797e50f] and reflects expectations of economic contraction [e0d011fb7082]. Simultaneously, the 10-year real interest rate is rising (6m +0.3 pp), which is associated with decreased borrowing, lower liquidity, and contractionary GDP [57731d675323, a1a5b29af0a8]. This rise in real rates is further ",Strong agreement,bearish,-0.6,2754.35,0.05342458293245245,-0.06790712872365534,0.04931108973078957,0.048708056411866485,-0.07736242738724652,0.030311089730789664
2018-09-30,11,-0.0927,neutral,bearish,-0.6,"The macro signals are conflicting. The US Treasury yield curve is in a 'flat' regime with a falling trend (0.24 pp), which according to rules [aad10797e50f] and [e0d011fb7082] indicates a transition from expansion to contraction or expectations of economic contraction, both of which are bearish. This is reinforced by the US 10-year real interest rate, which is rising (+0.42 pp over 12m); rules [57731d675323] and [a1a5b29af0a8] state that higher real rates lead to lower liquidity and contractiona",conflict,bearish,-0.6,2901.5,-0.11517835602274684,-0.03361020161985184,0.027798035498879825,-0.12046134344588877,-0.0442040864222486,0.006498035498879728
2018-12-31,10,-0.4091,bearish,bearish,-0.6,"The macro signals are in strong agreement pointing toward a bearish outlook. The US Treasury yield curve is in a 'flat' regime and has been trending downward (3m -0.03 pp, 12m -0.3 pp), which indicates expectations of economic contraction [e0d011fb7082] and a transition from expansion to contraction [aad10797e50f]. Simultaneously, the 10y real interest rate is rising (12m +0.54 pp), which is associated with decreased borrowing, lower liquidity, and contractionary GDP [57731d675323, a1a5b29af0a8]",strong,bearish,-0.6,2567.31,0.09218598455192395,0.125758089206212,0.23738447005212593,0.08631292664145795,0.11397748057606027,0.21368447005212587
2019-03-31,10,0.404,bullish,neutral,0.0,"The indicators provide conflicting signals. The US Treasury yield curve is in a 'flat' regime with a falling trend (0.14 pp), which according to rules [aad10797e50f] and [e0d011fb7082] is bearish as it indicates a transition from expansion to contraction or expectations of economic contraction. Conversely, the 10y real interest rate is 'low relative to history' (0.53%) and falling, which rules [99ad6cdde172], [2328dabf508c], and [239bc87b8f03] identify as bullish drivers for liquidity and GDP ex",conflicting,neutral,0.0,2803.98,0.030738450345580315,0.06354396251043148,-0.05406114295977982,0.024791706599232022,0.05161511125655016,-0.07806114295977984
2019-06-30,10,0.2315,bullish,bullish,0.6,"The indicators provide conflicting signals. The US Treasury yield curve is currently 'flat' (0.25 pp), which according to rules [aad10797e50f] and [e0d011fb7082] is associated with a transition from expansion to contraction or expectations of economic contraction, signaling a bearish outlook. However, this is countered by the US 10-year real interest rate, which is low relative to history (18th percentile) and falling. According to rules [99ad6cdde172], [2328dabf508c], and [239bc87b8f03], low an",conflicting,bullish,0.6,2890.17,0.03182719355608832,0.09915663224292115,0.074213942117906,0.026445788883010968,0.08836486338051097,0.05251394211790594
2019-09-30,10,0.2278,bullish,neutral,0.0,"The indicators provide conflicting signals. The US Treasury yield curve is flat (0.05 pp) and trending downward, which according to rules [aad10797e50f] and [e0d011fb7082] is bearish as it indicates expectations of economic contraction or a transition from expansion to contraction. Conversely, the 10y real interest rate is very low (0.15%, 15th percentile) and falling; per rules [99ad6cdde172], [2328dabf508c], and [5e068f4bde46], this is bullish for equities as it increases liquidity, supports G",conflicting,neutral,0.0,2982.156,0.06525263058321684,-0.1105785088494241,0.1285515132899373,0.06056075454111465,-0.11998427463442296,0.10965151328993739
2019-12-31,10,0.3922,bullish,bullish,0.6,"The 10y real interest rate is low relative to history (15th percentile) and near zero (0.15%), which according to rules [99ad6cdde172], [5e068f4bde46], [239bc87b8f03], and [2328dabf508c] is bullish for equities via increased liquidity, higher PE multiples, and expansionary GDP. This is corroborated by the VIX being in a 'low (calm)' regime, which aligns with rule [0826c79434b2] stating that very low real rates are associated with suppressed volatility. Additionally, while the yield curve is curr",agree,bullish,0.6,3176.7495238095235,-0.16506050713657927,-0.022692571188982824,0.16323618601463563,-0.1688884710292221,-0.03036315228183184,0.14783618601463555
2020-03-31,11,0.0988,neutral,neutral,0.0,"The indicators provide conflicting signals. The US 10-year real interest rate is negative (-0.17%) and falling, which is bullish for equities as it typically leads to increased borrowing, higher liquidity, and higher PE valuation multiples [2328dabf508c, 5e068f4bde46, 99ad6cdde172]. Furthermore, the yield curve is rising (recent trend) and flat, which aligns with expectations of economic expansion [98b8f9c4befb]. However, these bullish signals are sharply contradicted by the VIX, which is at an ",conflicting,neutral,0.0,2652.3936363636367,0.17051287807616622,0.26886017992438815,0.47433179120078517,0.1697886651825462,0.2674112296528328,0.47143179120078527
2020-06-30,10,0.4367,bullish,bullish,0.6,"The macro signals are conflicting. Bullish indicators include the US Treasury yield curve being upward sloping (normal), which signifies expectations of future economic expansion [57205ed3e4b4]. Additionally, the 10y real interest rate is negative (-0.68%), which is associated with increased borrowing, higher liquidity, and expansionary GDP [2328dabf508c], as well as higher PE valuation multiples for equity indices [5e068f4bde46]. However, these bullish signals conflict with the current state of",conflicting,bullish,0.6,3104.6609090909087,0.08402069186104466,0.19024592643260418,0.3652020847248143,0.08362093163729067,0.1894462461768598,0.36360208472481426
2020-09-30,11,0.4771,bullish,bullish,0.6,"The outlook is primarily bullish for equities due to the confluence of a normal (upward sloping) yield curve, which signifies expectations of future economic expansion [57205ed3e4b4], and negative real interest rates (-0.94%), which are associated with higher PE valuation multiples [5e068f4bde46], increased liquidity, and expansionary GDP [2328dabf508c, 99ad6cdde172]. However, there is a significant conflict in the volatility signal: while negative real rates are typically associated with suppre",conflicting,bullish,0.6,3365.5166666666664,0.09799188831828709,0.16193400543836223,0.3209096176416697,0.09771700168305308,0.16138415660523187,0.3198096176416696
2020-12-31,10,0.4221,bullish,bullish,0.6,"The yield curve is upward sloping (normal) and rising, which signifies market expectations of future economic expansion [57205ed3e4b4] and bullish expectations [98b8f9c4befb]. Simultaneously, the 10-year real interest rate is negative (-1.06%), which is bullish for equities as it leads to increased borrowing, higher liquidity, and expansionary GDP [2328dabf508c, 239bc87b8f03], while also supporting higher PE valuation multiples [5e068f4bde46]. There is a conflict regarding volatility: while nega",mixed,bullish,0.6,3695.31,0.05823550957012125,0.14699160434565584,0.26505563194230697,0.05801058546777882,0.14654170555011903,0.26415563194230707
2021-03-31,10,0.2094,bullish,bullish,1.0,"The macro signals are strongly aligned. The US Treasury yield curve is upward sloping (normal) and rising, which signifies market expectations of future economic expansion [57205ed3e4b4] and bullish sentiment [98b8f9c4befb]. Simultaneously, the 10y real interest rate is negative (-0.63%), which is associated with increased borrowing, higher liquidity, and expansionary GDP [2328dabf508c], as well as higher PE valuation multiples for equity indices [5e068f4bde46]. This low real rate environment al",strong agreement,bullish,1.0,3910.5082608695648,0.08387177898763709,0.1368198292323246,0.1229397624171844,0.08379678742366092,0.13666984048063746,0.12263976241718444
2021-06-30,10,0.4171,bullish,bullish,1.0,"The indicators provide a confluent bullish signal for equities. The US Treasury yield curve is upward sloping (normal), which signifies market expectations of future economic expansion [57205ed3e4b4]. This is reinforced by the US 10-year real interest rate being negative (-0.87%), which is associated with increased borrowing, higher liquidity, and expansionary GDP [2328dabf508c], as well as higher PE valuation multiples for equity indices [5e068f4bde46]. Furthermore, these very low real rates re",strong agreement,bullish,1.0,4238.489545454546,0.048850843126612586,0.10293364585175402,-0.08010940575564507,0.04875085812311353,0.10273366584775512,-0.08050940575564502
2021-09-30,10,0.6335,bullish,bullish,0.6,"The US Treasury yield curve is upward sloping (1.24 pp), which signifies market expectations of future economic expansion [57205ed3e4b4]. This is supported by the 10-year real interest rate being negative (-0.85%), which is associated with higher PE valuation multiples [5e068f4bde46], increased borrowing, liquidity, and expansionary GDP [2328dabf508c], and generally lower volatility in risk assets [99ad6cdde172]. However, there is a conflict in the signals: while negative real rates are typicall",conflicting,bullish,0.6,4445.543333333333,0.05156386447087291,-0.012209557273920146,-0.13384704917423473,0.05146387946737385,-0.012409537277919047,-0.1342470491742347
2021-12-31,11,0.309,bullish,bullish,1.0,"The macro outlook is primarily bullish for equities due to the confluence of very low real interest rates (-1.04%) and a normal, upward-sloping yield curve. According to rule 57205ed3e4b4, the upward sloping curve signifies expectations of economic expansion. The negative real rates are a strong bullish driver, as they lead to increased borrowing and liquidity (2328dabf508c), support higher PE valuation multiples (5e068f4bde46), and reduce volatility in risk assets (99ad6cdde172). This is furthe",mixed,bullish,1.0,4674.772727272726,-0.06064626590880695,-0.1659601665937409,-0.16308638288316402,-0.060796232170614584,-0.1662601216072359,-0.16368638288316395
2022-03-31,10,-0.191,bearish,bearish,-0.6,"The yield curve is currently flat (0.04 pp) and trending downward, which according to rules [aad10797e50f] and [e0d011fb7082] indicates a transition from expansion to contraction and expectations of economic contraction, providing a bearish signal. This is contrasted by the 10y real interest rate, which is negative (-0.52%), a state associated with higher PE valuation multiples [5e068f4bde46] and suppressed volatility [0826c79434b2]. However, the VIX remains in an 'elevated' regime (79th percent",conflicting,bearish,-0.6,4391.265217391306,-0.11211314424253938,-0.12314098885652547,-0.09626065974845333,-0.11321133388699378,-0.1253385741659293,-0.10066065974845329
2022-06-30,10,-0.4098,bearish,bearish,-1.0,"The macro signals are in strong confluence pointing toward a bearish outlook. The US Treasury yield curve is in a 'flat' regime (0.06 pp), which, according to rules [aad10797e50f] and [e0d011fb7082], occurs during a transition from expansion to contraction or when investors expect economic contraction. This is reinforced by the US 10-year real interest rate, which is on a rising trend (+1.52 pp over 12m); rules [57731d675323] and [a1a5b29af0a8] state that higher real rates lead to lower liquidit",strong agreement,bearish,-1.0,3898.946666666668,-0.012420326466684894,0.0034456192563849797,0.11449917853271208,-0.01612469209998335,-0.003976834334957102,0.09959917853271216
2022-09-30,10,-0.846,bearish,bearish,-1.0,"The indicators show a strong confluence of bearish signals. The inverted yield curve (-0.39 pp) serves as a high-confidence warning for economic slowdown, GDP contraction, and equity contraction [458bf2d7a197, 92d1d2667cdd], while specifically suggesting a shift where investors sell equities to buy long-term bonds [dbd441041c45]. This is reinforced by the 10y real interest rate, which is high relative to history (73rd percentile) and rising; according to expert rules, expensive real money leads ",strong agreement,bearish,-1.0,3850.520476190475,0.0160654842827066,0.030655246472313324,0.1727687277403318,0.008330688525760133,0.01512582789301864,0.1414687277403317
2022-12-31,11,-0.5061,bearish,bearish,-1.0,"The indicators provide a confluent bearish signal for equities and a bullish signal for long-term bonds. The US Treasury yield curve is inverted (-0.53 pp), which serves as a warning for economic slowdown, earnings contraction, and GDP contraction [458bf2d7a197, 92d1d2667cdd], typically prompting investors to sell equities and buy long-term bonds [dbd441041c45]. This is reinforced by the 10y real interest rate, which is high relative to history (69th percentile), leading to decreased liquidity, ",strong agreement,bearish,-1.0,3912.380952380953,0.014359076669065551,0.1106722249269716,0.19749330574488777,0.003899333367479718,0.08964333209386477,0.1549933057448878
2023-03-31,11,-0.1269,neutral,bearish,-0.6,"There is a conflict between the yield curve and real interest rate trends. The US Treasury yield curve is inverted (-0.58 pp), which is a high-confidence bearish signal for equities, warning of economic slowdown, GDP contraction, and earnings contraction [458bf2d7a197, 92d1d2667cdd], and typically prompts investors to sell equities to buy long-term bonds [dbd441041c45]. Conversely, the 10-year real interest rate is falling (3m -0.42 pp), which is a bullish signal as cheaper real money leads to i",conflict,bearish,-0.6,3968.559130434783,0.09494975741152478,0.13788653553595065,0.3028834471299733,0.08342550493136014,0.1147052221803948,0.25598344712997334
2023-06-30,10,-0.6281,bearish,bearish,-0.6,"The yield curve is inverted (-1.06 pp), which is a high-confidence warning sign for economic slowdown, GDP contraction, and equity contraction [458bf2d7a197, 92d1d2667cdd], typically prompting investors to sell equities and buy long-term bonds [dbd441041c45]. This bearish outlook is reinforced by the 10y real interest rate, which is high relative to history (72nd percentile) and rising; high real rates lead to decreased borrowing, lower liquidity, and lower equity valuations/earnings [57731d6753",conflicting,bearish,-0.6,4345.372857142857,0.039213468776803984,0.07816984963644424,0.24618535118308116,0.026555826992799236,0.05269435017290269,0.19458535118308107
2023-09-30,9,-0.8263,bearish,bearish,-1.0,"The macro signals are in strong confluence. The US Treasury yield curve is inverted (-0.44 pp), which serves as a warning for economic slowdown, GDP contraction, and equity contraction [458bf2d7a197, 92d1d2667cdd], typically prompting investors to sell equities and buy long-term bonds [dbd441041c45]. Simultaneously, the 10y real interest rate is high relative to history (92nd percentile) and rising, which leads to decreased borrowing, lower liquidity, and contractionary GDP [57731d675323, a1a5b2",strong agreement,bearish,-1.0,4515.77,0.03748640874092346,0.14500295630645477,0.24480653354798831,0.024443799146736778,0.118747627453055,0.1916065335479884
2023-12-31,11,-0.3209,bearish,bearish,-0.6,"The macro outlook is characterized by a conflict between fundamental warnings and current market sentiment. The US Treasury yield curve is inverted (-0.35 pp), which serves as a high-confidence warning for economic slowdown, GDP contraction, and equity contraction [458bf2d7a197, 92d1d2667cdd], typically prompting investors to sell equities and buy long-term bonds [dbd441041c45]. This bearish outlook is reinforced by the 10-year real interest rate, which is high relative to history (78th percenti",conflict,bearish,-0.6,4685.05,0.10363176486910475,0.15583398256155223,0.28299804697922104,0.09078158431001881,0.12996849430297952,0.23059804697922104
2024-03-31,10,-0.6364,bearish,bearish,-0.6,"The macro outlook is predominantly bearish based on two high-confidence signals. First, the yield curve is inverted (-0.39 pp), which serves as a warning for economic slowdown, GDP contraction, and equity contraction [458bf2d7a197, 92d1d2667cdd], typically prompting investors to sell equities and buy long-term bonds [dbd441041c45]. Second, the 10y real rate is high relative to history (83rd percentile), which is associated with decreased borrowing, lower liquidity, and contractionary GDP [57731d",conflict,bearish,-0.6,5170.57,0.04730039434723854,0.08716447122851068,0.09929466190381331,0.034450213788152606,0.061298982969937965,0.046894661903813306
2024-06-30,10,-0.6297,bearish,bearish,-0.6,"The yield curve is currently inverted (-0.35 pp), which serves as a high-confidence warning for economic slowdown, GDP contraction, and equity contraction [458bf2d7a197, 92d1d2667cdd], typically prompting investors to sell equities in favor of long-term bonds [dbd441041c45]. This bearish outlook is reinforced by the 10y real interest rate, which is high relative to history (88th percentile) and rising; according to expert rules, expensive real money leads to decreased borrowing, lower liquidity,",conflicting,bearish,-0.6,5415.14,0.03806365117060673,0.11001931621343108,0.11353538412672615,0.025213470611520794,0.08415382795485837,0.061135384126726144
2024-09-30,10,-0.3754,bearish,bearish,-0.6,"The macro outlook is conflicting. On one hand, the US 10-year real interest rate is in a 'high relative to history' regime (73rd percentile), which according to rules [a17543ceb763], [57731d675323], and [a1a5b29af0a8], decreases liquidity and is associated with contractionary GDP and bearish equity conditions. This is supported by the VIX trend, which is rising. On the other hand, the US Treasury yield curve is currently 'flat' but has a 'rising' recent trend (steepening), which rule [98b8f9c4be",conflicting,bearish,-0.6,5621.26,0.06931719934676561,0.011157640813625358,0.17127120965762122,0.05772048897386095,-0.01217026362365714,0.1240712096576213
2024-12-31,9,-0.5619,bearish,bearish,-0.6,"The macro outlook is dominated by high real interest rates (2.24%, 92nd percentile), which according to rules [57731d675323], [a1a5b29af0a8], and [3da3b2dc47c4], lead to decreased borrowing, lower liquidity, and contractionary GDP, creating a bearish outlook for equities. This is supported by the VIX trend (rising), as high real rates correlate with higher equity volatility [861233955cc6] and decreased liquidity [a17543ceb763]. However, there is a conflicting signal from the yield curve: the 10y",mixed,bearish,-0.6,6010.91,-0.054389435210309256,0.003167573628618525,0.14009858740190761,-0.06489763832275808,-0.017959254928931356,0.09739858740190765
2025-03-31,11,-0.2818,bearish,bearish,-0.6,"The 10y real interest rate is high relative to history (80th percentile), which according to rules [a17543ceb763], [57731d675323], and [a1a5b29af0a8], decreases liquidity, increases volatility, and leads to contractionary GDP. This is corroborated by the VIX, which is currently in an 'elevated' regime (78th percentile) and rising. The US Treasury yield curve is 'flat', which rules [e0d011fb7082] and [aad10797e50f] associate with expectations of economic contraction or a transition from expansion",Strong agreement between real rates and volatility; mixed signal from the yield curve.,bearish,-0.6,5683.98,0.060867561110348856,0.15834679221249925,0.1707324797061216,0.05052899784851461,0.13756277979851173,0.12873247970612156
2025-06-30,10,-0.2044,bearish,neutral,0.0,"The indicators provide conflicting signals. The US Treasury yield curve is upward sloping (0.52 pp) and rising, which signifies market expectations of future economic expansion [57205ed3e4b4] and is generally bullish [98b8f9c4befb]. However, the 10y real interest rate is high relative to history (82nd percentile), which is associated with decreased liquidity, increased volatility [a17543ceb763], and contractionary GDP/lower equity valuations [57731d675323, a1a5b29af0a8, 3da3b2dc47c4]. While the ",conflict,neutral,0.0,6029.95,0.09188633404920443,0.13649864426736547,,0.08147505753161766,0.11556769655346644,
2025-09-30,10,0.2149,bullish,neutral,0.0,"The indicators provide conflicting signals. The US Treasury yield curve is upward sloping (0.56 pp), which signifies market expectations of future economic expansion [57205ed3e4b4]. However, the 10-year real interest rate is high relative to history (78th percentile), which is associated with decreased liquidity, increased volatility [a17543ceb763], and contractionary GDP/deflationary conditions [57731d675323, a1a5b29af0a8]. While the VIX is currently in a normal regime, the high real rates act ",conflicting,neutral,0.0,6584.02,0.040858016834699695,0.01069255561192084,,0.031198868909038335,-0.008719039378051852,
2025-12-31,10,-0.0152,neutral,neutral,0.0,"The indicators provide conflicting signals. The US Treasury yield curve is upward sloping (0.71 pp) and rising, which signifies market expectations of future economic expansion and is bullish [57205ed3e4b4, 98b8f9c4befb]. However, the 10y real interest rate is high relative to history (82nd percentile) and rising, which is bearish as expensive real money leads to decreased borrowing, lower liquidity, and contractionary GDP [57731d675323, a1a5b29af0a8, 3da3b2dc47c4] and typically increases volati",conflict,neutral,0.0,6853.03,-0.028981341100213998,,,-0.037837984643409595,,
2026-03-31,10,-0.195,bearish,bearish,-0.6,"The macro signals are conflicting. On one hand, the US Treasury yield curve is currently upward sloping (normal), which signifies expectations of economic expansion [57205ed3e4b4]. However, the recent trend of the yield curve is falling (flattening), which is associated with expectations of economic contraction [e0d011fb7082] or a transition from expansion to contraction [aad10797e50f]. This bearish outlook is strongly reinforced by the US 10-year real interest rate, which is high relative to hi",conflicting,bearish,-0.6,6654.42,,,,,,
